{
  "Workflows": [
    {
      "Path": "Flowchart.xaml",
      "SortBy": 0,
      "VariablesSectionElementsOrder": null,
      "ArgumentsSectionElementsOrder": null,
      "ConstantsSectionElementsOrder": null,
      "AddedNamespaces": null
    },
    {
      "Path": "ExtractCvsData/openExcelFile.xaml",
      "SortBy": 0,
      "VariablesSectionElementsOrder": null,
      "ArgumentsSectionElementsOrder": null,
      "ConstantsSectionElementsOrder": null,
      "AddedNamespaces": null
    },
    {
      "Path": "ExtractCvsData/fillDataInExcel.xaml",
      "SortBy": 0,
      "VariablesSectionElementsOrder": null,
      "ArgumentsSectionElementsOrder": null,
      "ConstantsSectionElementsOrder": null,
      "AddedNamespaces": null
    },
    {
      "Path": "ExtractCvsData/readPdfAndExtractData.xaml",
      "SortBy": 0,
      "VariablesSectionElementsOrder": null,
      "ArgumentsSectionElementsOrder": null,
      "ConstantsSectionElementsOrder": null,
      "AddedNamespaces": null
    }
  ]
}